host;visits
hfph.de;3
xing.com;8
residenztheater.de;27
hs-esslingen.de;2
eh-berlin.de;1
familienzentrum-darmstadt.de;1
saarland.de;1
uni-bremen.de;51
katho-nrw.de;22
vimeo.com;2
ev-hochschule-hh.de;1
htw-berlin.de;10
dlr.de;4
deutscher-koordinierungsrat.de;1
hszg.de;27
rauheshaus.de;1
t.co;53
mentorinnennetzwerk.de;1
twitter.com;261
hrk.de;2
centim.org;1
radiobremen.de;15
hs-niederrhein.de;1
unitymedia.de;28
lebenslauf.com;4
ph-freiburg.de;2
tu-ilmenau.de;1
foerderdatenbank.de;1
hwr-berlin.de;1
darmstadt.de;56
goodmonday.de;1
hmt-leipzig.de;20
life-science.eu;8
familienkasse-info.de;2
uni-jena.de;11
uni-siegen.de;14
uni-frankfurt.de;22
schumstaedte.de;1
uebermedien.de;2
indeed.de;1
saatkorn.com;1
it-gipfel.de;1
fremdsprachenzentrum-bremen.de;1
bundesliga.com;2
dhbw.de;1
bsz-bw.de;1
tu-darmstadt.de;16
fh-hannover.de;1
mwn.de;1
umweltbundesamt.de;1
commerzbank.de;1
uni-wuppertal.de;14
tagesschau.de;9
palucca.eu;1
tripadvisor.de;6
folkwang-uni.de;1
h-brs.de;23
beuth-hochschule.de;4
uni-weimar.de;63
m-r-n.com;20
hfmt-koeln.de;2
hfk-bremen.de;3
hochschulkompass.de;1
google.com;4
youtube.com;23
ewerkweimar.de;1
udk-berlin.de;2
weststadt-verlag.de;1
